keywordID,word
999,data management
1000,indexing
1001,data modeling
1002,big data
1003,data processing
1004,data storage
1005,data querying
1006,Delay-dependent
1007,Event-triggered
1008,Contractibility
1009,"Turing-machine,"
1010,Leader-follower
1011,Object-Oriented
1012,Nonlinearizable
1013,Multi-stability
1014,Continuous-time
1015,Interconnection
1016,Output-feedback
1017,Robustification
1018,"Irreducibility,"
1019,Wronskian-based
1020,Non-equilibrium
1021,Diagonalization
1022,Stabilizability
1023,Representations
1024,Controllability
1025,Single-boundary
1026,Razumikhin-type
1027,Vision-Enhanced
1028,Polynomial-time
1029,Implicit-system
1030,Non-dissipative
1031,Vouzzavedibisar
1032,Delay-scheduled
1033,Synchronization
1034,Signal-to-noise
1035,Non-equivalence
1036,Nonovershooting
1037,Next-Generation
1038,Prescribed-time
1039,Passivity-based
1040,Edge-Artificial
1041,Coordinate-free
1042,Knowledge-based
1043,Luenberger-type
1044,Luenberger-like
1045,Parallelization
1046,PI-generalizing
1047,Parametrization
1048,Output-to-state
1049,Polynomial-Time
1050,Linearizability
1051,Multi-Criterion
1052,"Softwarization,"
1053,Shift-invariant
1054,Cut-and-Rewind:
1055,Multi-consensus
1056,Aspect-oriented
1057,Model-invariant
1058,Safety-critical
1059,Computationally
1060,GPU-Accelerated
1061,Self-Adaptation
