id,name
0,David Watkins
1,Mary Fuentes
2,Cassandra Martinez
3,Kelly Booth
4,Johnny Moore
5,Katherine Jacobs
6,Carolyn Vaughn
7,Tina Quinn
8,Michelle Romero
9,Robert Walker
10,Paul Kline
11,Angel Arnold
12,Jesse Taylor
13,Christine Cross PhD
14,Thomas Dennis
15,Katie Perkins
16,Terry Mccarthy
17,Tina Holmes
18,Carlos Peterson
19,Gregory Haynes
20,Phillip Anderson
21,Hannah Sanchez
22,Jennifer Price
23,Victoria Davis
24,Jim Castillo
25,John Lara
26,Christine Montgomery
27,Stephanie Vaughn
28,Harold Mcguire
29,James Garner
30,Jessica Rodriguez
31,Scott Johnson
32,Jason Mcpherson
33,Jason Mcconnell
34,Crystal Jones
35,Eric Jones
36,Douglas Perez
37,Maria Hawkins
38,Cynthia Marsh
39,Joshua Nelson
40,Vincent Steele
41,Kevin Golden
42,Emily Cox
43,Eric Lee
44,Mitchell Miranda
45,Kyle Thompson
46,Deanna Hernandez
47,Kevin Allen
48,David Bailey
49,Kimberly Cunningham
50,Jason Finley
51,David Edwards
52,Mark Ferguson
53,Darren Le
54,Mark Gordon
55,Dean Hatfield
56,Katie Smith
57,Phillip Medina
58,Steven Allen
59,Mary Fitzgerald
60,Nathaniel Fisher
61,Stacy Hatfield
62,Joseph Fisher
63,Patricia Mccall
64,Kathleen Terry
65,Lisa Harris
66,Emily Watkins
67,Brandon Schroeder
68,Jennifer Gibson
69,David Taylor
70,Sarah Gonzales
71,Luis Porter
72,Christopher Good
73,Cole Ramirez
74,Monique Allen
75,Marcus Warner
76,Ashley Sullivan
77,Austin Salinas
78,Mark Booker
79,Savannah Bonilla
80,Matthew Wilson
81,Andrew Scott
82,Erik Lowe
83,Christian Goodwin
84,Jason Hicks
85,Ricardo Castro
86,Alicia Travis
87,Joel Martinez
88,Melody Mullins
89,Linda Smith
90,Melissa Pineda MD
91,Eric Krause
92,Elizabeth Yates
93,Shelby Fisher
94,Mr. Zachary Rosales
95,Mr. Collin Reed
96,Tammy Stephenson
97,Nancy Fernandez
98,Michael Wyatt
99,Sean Bennett
100,Ashley Nguyen
101,Ronald Flores
102,Renee Perez
103,Eileen Mcdowell
104,Nicholas Miller
105,Kevin Randall
106,Jay Berry
107,Catherine Schroeder
108,Shane Richardson
109,Henry Macdonald
110,Roger Lane
111,Kristin Joyce
112,Stephanie James
113,Nicole Greene
114,Teresa Martinez
115,Susan Johnson
116,Julie Mcguire
117,Kelly Garza
118,Anne Wilson
119,Teresa Owens
120,Jesus Jackson
121,Michael Woods
122,Anthony Morris
123,Elizabeth Levy
124,Jason Carlson
125,Nathan Adams
126,Nathan Garcia
127,Andrew James
128,Darrell Adams
129,Jason Perry
130,Christina Salazar
131,Sarah Cox
132,Erica Thomas
133,Thomas Ford
134,Shawn Miller
135,Caleb Guerrero
136,Tyler Murphy
137,Brian Barrera
138,Abigail Dunn
139,Corey Marshall
140,Brian Carson
141,Connie Johnston
142,Susan Warren
143,Peter Carter
144,William Collier
145,Laurie Turner
146,Lisa James
147,Daniel Goodwin
148,Carla Branch
149,Natalie Garza
150,Gregory Cameron
151,Thomas Webster
152,Randy Hansen
153,David Miller
154,Brooke Anderson
155,Steven Curry
156,Cassidy Proctor
157,Deborah Hunter
158,Joseph Bailey
159,Kathryn Wells
160,Gregory Jordan
161,Cynthia Smith
162,Benjamin Kemp
163,Ryan Arroyo
164,Alexandria Shepard
165,Jacqueline Bailey
166,David Douglas
167,Danielle Johnson
168,Mathew Smith
169,Mark Bird
170,Tracy Adkins
171,Savannah Martinez
172,Ana Diaz
173,Eddie Frey
174,Michael Smith
175,Alexander Wagner
176,Susan Lambert
177,Mary Williams
178,Kyle Jones
179,Norma Bennett
180,William Glenn
181,Kim Smith
182,Marc Ortiz
183,Thomas Ramirez
184,Mark King
185,Shannon Rodriguez
186,Emily Price
187,Christopher Morris
188,Latoya Brady
189,Stephanie Roy
190,Angela Jones
191,Rita Avery
192,Gregory Freeman
193,Charles Fowler
194,Angela Wright
195,Jay Montes
196,Dr. Thomas Maddox Jr.
197,Rhonda Martin
198,Andrea Owens
199,Brian Brown
200,Patrick Keller
201,Tim Bryant
202,Michael Kerr
203,Andrea Brown
204,Lori Edwards
205,Jade Saunders
206,Laura Black
207,George Vasquez
208,Miss Patricia Roach
209,Angela Acevedo
210,Wesley Jenkins
211,Lori Nelson
212,Robin Pugh
213,Walter Garcia
214,Nicholas Fuller
215,Shawn Williams
216,David James
217,Monica Brown
218,William Wilcox
219,Vanessa Duran
220,Kylie Diaz
221,Nancy Randall
222,Tracy Hoffman
223,Jennifer Vance
224,Jeffrey Lee
225,Peter Francis
226,Harold Kelly
227,Kayla Roberts
228,Hector Phillips
229,Lisa Reese
230,Robert Lyons
231,Terry Becker
232,Tara Robinson
233,Chelsea Duarte
234,Daniel Moss
235,Larry Johnson
236,Emily Gonzales
237,Barbara Jimenez
238,Stephen Cooley
239,Crystal Blake
240,Allison Petty
241,Ann Gibson
242,Margaret Lawrence
243,Suzanne Smith
244,Brian Hopkins
245,Christina Flores
246,Jennifer Olson
247,Brittany Miller
248,Jasmine Garcia
249,Jason Valencia
250,Michael Miller
251,Lori Goodwin
252,Brian Black
253,Mary Bradley
254,Margaret Steele
255,Brandon Ford
256,Ashley Hendrix
257,Kirk Burgess
258,Stephen Gordon
259,Susan Manning
260,Danielle Rodriguez
261,Gene Chandler
262,Miguel Walker
263,Kendra Sanford
264,Timothy Jones
265,Autumn Wilson
266,Lisa Barrett
267,Lori Burton
268,Vincent Joseph
269,Karen Chapman
270,Natalie Gillespie
271,Joanne Wood
272,Thomas Myers
273,Jonathan Richmond
274,Stephanie Bray
275,Miguel Cruz
276,James Duncan
277,Leah Brown
278,Bryan Rivera
279,Haley Mcintosh
280,Christine Baker
281,Brittany Cardenas
282,Douglas Welch
283,Lauren Martin
284,Nancy Miles
285,David Jones
286,Colleen Stewart
287,Jesse Smith
288,James Cox
289,Kaylee Mullins
290,Nancy Daniels
291,Mary Benitez
292,Dr. Ryan Mason
293,Taylor English
294,Alicia Dominguez MD
295,Lisa Freeman
296,Dr. Christian Meyers MD
297,Stephen Caldwell
298,Vanessa Mcdowell
299,Sarah Byrd
300,Christopher Hunter
301,Timothy Gonzalez
302,Victoria Lewis
303,Samuel Shelton
304,Matthew Gonzalez
305,David Mcdonald
306,Ms. Leslie Scott
307,Samantha Downs
308,Deborah Fitzgerald
309,Belinda Black
310,Meagan Fry
311,Daryl Lara
312,Patrick Howell
313,Nicholas Wright
314,Patricia Jefferson
315,Stanley Stone
316,Ryan Smith
317,Denise Scott
318,Jeff Robinson
319,Tiffany Melendez
320,Theresa Gross
321,Patrick Graves
322,Martin Willis
323,Diana Rios
324,Tracy Sutton
325,Madison Wells
326,Cynthia Andrews
327,David Duncan
328,Jamie Medina
329,Cesar Weaver
330,Tyler Sloan
331,Susan Norris
332,Rebecca Mcdaniel
333,Brandy Brown
334,Shawn Morgan
335,Carl Johnson
336,Kristina Mcdaniel
337,Patrick Burton
338,Kendra Green
339,Bonnie Ramsey
340,Tracy Koch
341,Judith Moran
342,Paula Hill
343,Glenn Carpenter
344,Ryan Grimes
345,Joel Colon
346,Bryan Stokes
347,Randall Wilson
348,Mary Li
349,Dr. Francisco Thompson
350,Trevor Mills
351,Ian Wade
352,Kristina Medina
353,Matthew Garza
354,Travis Clark
355,Jerry Morgan MD
356,Jessica Lopez
357,Robert Brown
358,Joseph Fisher
359,Jennifer Ford
360,Frank Zhang
361,Kaitlyn Livingston
362,Jennifer Peterson
363,Kenneth Olson
364,Frank Rogers
365,Tony Richards
366,Linda Grimes
367,Tammie Butler
368,Mr. Michael Davis
369,Mercedes Webb
370,Beth Klein
371,Sara Jordan
372,Megan Aguilar
373,Nicole Carlson
374,Marc Byrd
375,Sarah Cunningham
376,Jerry Moses
377,Jason Osborn
378,David Young
379,Mrs. Alexis Steele
380,Robert Bell
381,Amanda Lewis
382,Jason Myers
383,Marilyn Glenn MD
384,Deborah Lamb
385,Michael Obrien
386,Robert Liu
387,Pamela Glass
388,Judy Baker
389,Ashley Nelson
390,Kelly Harvey DDS
391,Gina Huff
392,Robert Watson
393,Victoria Simmons
394,Nicholas Houston
395,Mark Thompson
396,Elizabeth Jacobs
397,Joseph Kaufman
398,Julia Stanley
399,Diana Jordan
400,Zachary Jones
401,Sandra Chen
402,Ashley Watson
403,Laurie Evans
404,Timothy Mcgee
405,Sarah Hubbard
406,Lisa Gregory
407,Kristina Cross
408,Michele Patrick
409,Mr. Levi Harrison II
410,Kayla Bell
411,Desiree Olson
412,Teresa Mann
413,Brandon Cline
414,Kara Hall
415,Michael Olsen
416,Rachel Ward
417,Timothy Stokes
418,Tiffany Ellis
419,Eric Burns
420,Steven Smith
421,Ivan Haney
422,Amanda Doyle
423,Jacob Johnson
424,Matthew Miller
425,Sean Martin
426,Angela Valdez
427,Michael Carrillo
428,Heather Velasquez
429,April Mccoy
430,Ruben Chan
431,Christopher Caldwell
432,Trevor White
433,Lauren Mitchell
434,Gloria Obrien
435,Hannah Hall
436,Adam Mitchell
437,Laurie Shea
438,Nicholas Pierce
439,Frances Brooks
440,Theodore Hickman
441,Mr. Craig Ross
442,Robert Barry
443,Jeffrey Jones
444,Michael Todd
445,Margaret Flowers
446,Shawn Young
447,William Kelley
448,Annette Harper
449,Eileen Bell
450,Stacey Hicks
451,Kimberly Newman
452,Jacob Castillo
453,Brett Tucker
454,Nicholas Evans
455,Nicholas Pearson
456,William Williams
457,Christy Williamson
458,Adam Davis
459,Lisa Porter
460,Hannah Mckinney
461,Jenny Johnson
462,John Bush
463,Henry Kelley
464,Mrs. Rebecca Gould
465,Patrick Clayton
466,Laura Mendez
467,Christopher Jordan
468,James Gonzalez
469,John Martinez
470,David Callahan
471,Tiffany Palmer
472,Ian Bryan
473,Wendy Hernandez
474,Stephen Lee
475,Bryce Valencia
476,Megan Brooks
477,Veronica Mcknight
478,Jose Mills
479,James Contreras
480,Heather Blair
481,Sarah Collier
482,Karen Benjamin
483,Glen Riggs
484,Jonathan Mendez
485,Devin Romero
486,Danielle Brooks
487,Kendra Montes
488,Jerry Smith
489,Denise Moore
490,James Ryan
491,Alan Wilkerson
492,Jessica Vaughan
493,Nancy Richardson
494,Linda Evans
495,Jamie Friedman
496,Timothy Mills
497,Jerry Taylor
498,Kathleen Hughes
499,Glen Lane
500,Steven Craig
501,Thomas Hill
502,Susan Fletcher
503,Laura White
504,Mr. Joshua Ibarra
505,Sabrina Greene
506,Christopher Stephenson
507,Joseph Robertson
508,Arthur Thomas
509,Cory Burke MD
510,Justin Baxter
511,Pamela Bradley
512,Paige Craig
513,Todd Williams
514,Samuel Meyer
515,Angel Rice
516,Nancy Calhoun
517,Karen Simmons
518,Timothy Harris
519,Eric Duran
520,Allison Adams
521,Joseph Howard
522,Scott Thomas
523,Lisa Farrell
524,Tiffany Bender
525,Kelli Thomas
526,Jeffrey Richardson
527,Dylan Collins
528,Crystal Adkins
529,Michael Jones
530,Timothy Rivera
531,Elizabeth Henry
532,Brandon Phelps
533,Maurice Mcpherson
534,Vicki Wilkins
535,Kayla Watkins
536,William Smith
537,James Rodriguez
538,Regina Park
539,Jeffrey Brown
540,Kenneth Richardson
541,Gina Lee
542,Lori Bennett
543,Andrew Rogers
544,Sean Russell
545,Kimberly Rodriguez
546,Jessica Lambert MD
547,Kent Schmidt
548,Melissa Delgado
549,Mrs. Krista King DVM
550,Christopher White
551,Juan Reed DDS
552,Deanna Fletcher
553,Jessica Davis DDS
554,Samuel Morrow
555,Kendra Huber
556,Christopher Mathews
557,Emily Thomas
558,Robert Jacobs
559,Nicholas Salinas
560,Taylor Sanders
561,Suzanne Webb
562,Andrew Martin
563,Travis Aguilar
564,Jeff Moore
565,Daniel Williams
566,Steven Clark
567,Kyle Pierce
568,Stephen Barry
569,Ian Hale
570,Joseph Mcconnell
571,Andrea Joseph
572,Donald Peterson
573,Ryan Hahn
574,Arthur Rodriguez
575,John Coleman
576,Shawn Terry
577,Michael Cox
578,Anthony Fuller
579,Kathleen Rivera
580,Robert Hall
581,Linda Tapia
582,Michelle Hess
583,Ralph Malone
584,Carol Martinez
585,Kevin Compton
586,Victoria Mckenzie
587,Thomas Johnston
588,Rachael Murphy
589,Scott Brown
590,Tonya Riddle
591,Troy Wong
592,Brittney Perry
593,Leah Williamson
594,Daniel Novak
595,Sean Dalton
596,Michele Edwards
597,Mary Patel
598,Connor Lynch
599,Jocelyn Salinas
600,Sarah Nelson
601,Timothy Hobbs
602,Jacob Hunt
603,Thomas Church
604,Nicole Taylor
605,Dustin Johnson
606,Jennifer Lewis
607,Sarah Roman
608,Brian Freeman
609,Janice Morrison
610,Jessica Simmons
611,Mrs. Danielle Beard
612,Zachary Richardson
613,Sarah Stuart
614,Tamara Johnson
615,Julie Richardson
616,Anthony Wagner
617,Deborah Cole
618,Andre Rodriguez
619,Michael Oneal
620,Thomas Bailey
621,Gabriela Mata
622,Robin Smith
623,Jessica Sandoval
624,Cynthia Fritz
625,Lisa Dudley
626,Tanya Rowe
627,Christine Stewart
628,Nathan Simpson
629,Andres Chase
630,Christopher Jennings
631,Jonathan Ramos
632,Anthony Kelly
633,Roberto Welch
634,Roger Patton
635,Nicholas Cox
636,Caroline Ruiz
637,Jeffrey Smith
638,Crystal Jones
639,Carrie Jones
640,James Todd
641,Christina Myers
642,Angelica Carey
643,Mercedes Casey
644,Michelle Lee DDS
645,Michael Smith
646,April Phelps
647,Andrea Russell
648,David Greene
649,Linda Price
650,David Miller
651,Kimberly Andrade
652,Vanessa Foster
653,Elizabeth Suarez
654,Linda Mcguire
655,Autumn Shaw
656,William Jackson
657,Robert Shaw
658,Heather Parrish
659,Dana Morgan
660,Jack Peterson
661,Derek Wood
662,Allison Williams
663,Cynthia Martinez
664,Michael Sharp
665,Roberta Arnold
666,Andrea Carter
667,Kathy Rogers
668,Tony Houston
669,Jill Ray
670,Geoffrey Martinez
671,Anthony Thomas
672,Kendra Davis
673,Craig Carroll
674,Clinton Smith
675,Martha Wood
676,Brian Adams
677,Cindy Clark
678,Austin Fisher
679,Taylor Curry
680,Erin Stewart
681,Kimberly Yates
682,Tammy Butler
683,Carl Robinson
684,Dennis Martinez
685,Molly Baker
686,Curtis Reeves
687,Randall Allison
688,Gina Berry
689,David Foley
690,Brian Swanson
691,Douglas James
692,Elizabeth Burns
693,Zachary Johnson
694,Michael Lewis
695,Cole Mccarthy
696,Katie Callahan
697,Bradley Olson
698,Bethany Williams
699,Austin Fowler
700,Stacey Miller
701,Manuel Perkins
702,Regina Anderson
703,Jared Calhoun
704,Sydney Johnson
705,Danielle Perry
706,Nicholas Baker
707,Joshua Walker
708,Edward Brown
709,Lindsey White
710,Timothy Bradley
711,Matthew Atkinson
712,Stephanie Calhoun
713,Tina Johnson
714,Jesse Gutierrez
715,John Jones
716,Katherine Cooley
717,Rachel Armstrong
718,James Cox
719,Deborah Vargas
720,Jeffrey Martin
721,Tonya Floyd DVM
722,David Gardner
723,Kristen Mcguire
724,Brian Robbins
725,James Bishop
726,Kevin Kim
727,Megan Hernandez
728,Lori Potter
729,Tiffany Jordan
730,Crystal Martin
731,Jose Gonzalez
732,Tammy Byrd
733,Danny Chen DVM
734,Mr. Derek Gonzalez
735,Shane Moore
736,Dana Hill
737,Stacy Hill
738,David Harvey
739,Elizabeth Cruz
740,Adam Williamson
741,Jessica Rios
742,Loretta Davis DDS
743,Jessica Gonzalez
744,Rebecca Spears
745,Randall Solis
746,Nicole Bartlett
747,Danielle Sanchez
748,Jeffrey Jordan II
749,Ann Garcia
750,Yvonne Garcia
751,Kaitlin Clark
752,Jason Dominguez
753,Anthony Banks
754,April Johnson
755,Felicia Foster
756,Kevin Johnson
757,Angela Moody
758,Cheryl Morgan
759,Anthony Cook
760,Jenny Tucker
761,Katherine Valencia
762,Harold Benitez
763,Veronica Carter
764,Michael Gardner
765,Tyler Garcia
766,Lauren Hall
767,Stephanie Banks
768,Tammy Caldwell
769,Kimberly Brady
770,Cynthia Washington
771,William Williams
772,Susan Mccoy
773,Wendy Morrison
774,Michael Vaughn
775,Stephen Ellison
776,Jerry James
777,Anthony Hansen
778,Angela Wall
779,Victor Oneill
780,April Zavala
781,Victor Smith
782,Christina Lee MD
783,Tracy May
784,Jenny Holt
785,Jillian Scott
786,Eduardo Perez
787,Evelyn Walker
788,Tony Love
789,Sara Torres
790,Crystal Lopez
791,Sara Nelson
792,Daniel Thomas
793,Patricia Santiago
794,Maxwell King
795,Carlos Williams
796,Alyssa Blair
797,Christopher Navarro
798,Justin Taylor
799,Jennifer Fuller
800,Jennifer Smith
801,Vicki Hogan
802,Laurie Gonzalez
803,Darren Duffy
804,Ralph Brown
805,Melissa Elliott
806,Christian Cook
807,Joseph Anderson
808,Walter Cook
809,Dawn Warner
810,Steve Moss
811,Joshua Cabrera
812,Traci Sosa
813,Kathryn Martinez
814,Eric Rodriguez
815,Ronald Johnson
816,Jeremiah Gonzales
817,Luke Gray
818,Arthur Rodriguez
819,Regina Brown
820,Christopher Mcdonald
821,Sherry Calhoun
822,Elizabeth Miller
823,Angela Park
824,Jennifer Hill
825,Cynthia Chavez
826,David Fox
827,Tara White
828,Dustin Simon
829,Pamela Long
830,Joanna Vasquez
831,Nicolas Lewis
832,David Moreno
833,Latoya Porter
834,Hannah Cooper
835,Wanda Holmes
836,Sean Brown
837,Matthew Gonzalez
838,Susan Cole
839,George Frye
840,Rodney Porter
841,Frank Maldonado
842,Harold Cervantes
843,Jennifer Boyd
844,James Vargas
845,Melissa Tate
846,Virginia Ward
847,Eric Gross
848,Robert Oconnor
849,Michael Rose Jr.
850,Danielle White
851,Jeremy Frederick
852,Jessica Alexander
853,Jessica Jenkins
854,Jean Parker
855,Jody Dickson
856,John Young
857,Dorothy Williams
858,Albert Rogers
859,Kathy King
860,Emily Brown
861,Gary Parker
862,Evan Ellis
863,Gabriel Mendoza
864,Tyler Goodwin
865,Calvin Simmons
866,Patrick Lowe
867,Peter Black
868,Jennifer Bryant
869,Lisa Jones
870,Jacqueline Collins
871,Ashlee Evans
872,Chelsea Young
873,Stephanie Graham
874,Adriana Shaffer
875,Amanda Garrett
876,Gabrielle Benson
877,Alexander Bailey
878,Maureen Santos
879,Michael Howard
880,Logan Smith
881,Shelly Oliver
882,Amber Johnston
883,Roy Howard
884,Omar Mendez
885,Isaiah Jackson
886,Douglas Hudson
887,Connie Cantu
888,Justin Brown
889,James Villarreal
890,Michael Medina
891,Charles Morris DDS
892,Jeremy Nelson
893,Amanda Bailey
894,Cody Bright
895,Joshua Blackwell
896,Joshua Hatfield
897,Michelle Vasquez
898,Jennifer Mcmahon
899,Kristen Rose
900,Charles Smith
901,David Harper
902,Michael Benitez
903,Larry Martinez
904,Jeffrey Graham
905,Teresa Kemp
906,Brad Rogers
907,Joe Howard
908,Wendy Pope
909,David Schultz
910,James Soto
911,Brittany Day
912,Danny Fisher
913,Ethan Smith
914,Carrie Heath
915,Michael Brooks
916,Victor Hawkins
917,Regina Smith
918,Stephanie Harris
919,Susan Davis
920,Paul Martinez
921,Melissa Scott
922,Ashley Powell
923,Cynthia Deleon
924,Brittany Allen
925,Jared Rowe
926,Robert Lewis
927,Amy Burns
928,Travis Huynh
929,Brittany Davis
930,Timothy Mendez
931,Sheri Schaefer
932,Daniel Wolf
933,Daniel Ortiz
934,Karen Smith
935,Monica Durham
936,Carlos Davis
937,Kevin Allen
938,Joshua Hunter
939,Heather Sanchez
940,Jennifer Thomas
941,Alexis Zuniga
942,Julie Graham
943,Perry Blevins
944,Dale Schroeder
945,Jenny Potts
946,Kimberly Davis
947,Steven Sanchez
948,Mitchell Richards
949,Elizabeth Fuller
950,Susan Thomas
951,Alexander Lopez
952,Laurie Jones
953,Keith Mendoza
954,Nicole Ayala
955,Harry Ward
956,Cassandra Hester
957,Katrina Alvarez
958,Bruce Smith
959,Ricky Osborn
960,Katrina Maldonado
961,Ronald Lee
962,Erin Warner
963,Todd Harris
964,Jesse Mckenzie
965,Beth Benton
966,Jeffrey Thomas
967,Alicia Carr
968,Krista Hodge
969,Jason Allen
970,Meredith Lee
971,Scott Williams
972,Robert Banks
973,Robert Hart
974,Jerry Carrillo
975,Spencer Foster
976,Samantha Daniels
977,Jorge Schwartz
978,David Strickland
979,Evan Olson
980,Michael Wright
981,Emily Ryan
982,Cory Dean
983,Claudia Mcclure
984,Cynthia Goodwin
985,Christopher Hull
986,Patricia Welch
987,Sydney Roman
988,Michael Stephens
989,Charles Walls
990,Lindsay Anderson
991,Kevin Walker
992,Alexander Sanders
993,Jessica Hansen
994,Jennifer Morris
995,Emily Thomas
996,Taylor Morales
997,Beth Donaldson
998,Andrew Hunt
999,Mr. David Chang
